-- Insert Checking Account Balance (Current Month)
INSERT INTO F_Balance (AccountID, AccountName, BalanceDate, Balance, AvailableBalance, OrganizationDomain, OrganizationName, OrganizationSFInURL, DisplayAccountName, AccountTypeKey) VALUES ('CHK1', 'My Checking Account', date('now', 'start of month'), 2500.00, 2450.00, 'bankofexample.com', 'Bank of Example', 'https://bankofexample.com/sfin', 'My Checking Account', 1);

-- Insert Savings Account Balance (Previous Month)
INSERT INTO F_Balance (AccountID, AccountName, BalanceDate, Balance, AvailableBalance, OrganizationDomain, OrganizationName, OrganizationSFInURL, DisplayAccountName, AccountTypeKey) VALUES ('SAV1', 'My Savings Account', date('now', '-1 month', 'start of month'), 10000.00, 10000.00, 'bankofexample.com', 'Bank of Example', 'https://bankofexample.com/sfin', 'My Savings Account', 2);

-- Insert Credit Card Balance (Month Before Last)
INSERT INTO F_Balance (AccountID, AccountName, BalanceDate, Balance, AvailableBalance, OrganizationDomain, OrganizationName, OrganizationSFInURL, DisplayAccountName, AccountTypeKey) VALUES ('CC1', 'My Credit Card', date('now', '-2 month', 'start of month'), -500.00, -550, 'creditcardcompany.com', 'Credit Card Company', 'https://creditcardcompany.com/sfin', 'My Credit Card', 3);


-- Credit Card (CC1) - Dates from now to now - 5 days
INSERT INTO F_Balance_History (Date, AccountID, AccountName, BalanceDate, Balance, AvailableBalance, OrganizationDomain, OrganizationName, OrganizationSFInURL, DisplayAccountName, AccountTypeKey) VALUES (date('now'), 'CC1', 'My Credit Card', date('now'), -500, NULL, 'creditcardcompany.com', 'Credit Card Company', 'https://creditcardcompany.com/sfin', 'My Credit Card', 3);
INSERT INTO F_Balance_History (Date, AccountID, AccountName, BalanceDate, Balance, AvailableBalance, OrganizationDomain, OrganizationName, OrganizationSFInURL, DisplayAccountName, AccountTypeKey) VALUES (date('now','-1 day'), 'CC1', 'My Credit Card', date('now','-1 day'), -550, NULL, 'creditcardcompany.com', 'Credit Card Company', 'https://creditcardcompany.com/sfin', 'My Credit Card', 3);
INSERT INTO F_Balance_History (Date, AccountID, AccountName, BalanceDate, Balance, AvailableBalance, OrganizationDomain, OrganizationName, OrganizationSFInURL, DisplayAccountName, AccountTypeKey) VALUES (date('now','-2 day'), 'CC1', 'My Credit Card', date('now','-2 day'), -600, NULL, 'creditcardcompany.com', 'Credit Card Company', 'https://creditcardcompany.com/sfin', 'My Credit Card', 3);
INSERT INTO F_Balance_History (Date, AccountID, AccountName, BalanceDate, Balance, AvailableBalance, OrganizationDomain, OrganizationName, OrganizationSFInURL, DisplayAccountName, AccountTypeKey) VALUES (date('now','-3 day'), 'CC1', 'My Credit Card', date('now','-3 day'), -650, NULL, 'creditcardcompany.com', 'Credit Card Company', 'https://creditcardcompany.com/sfin', 'My Credit Card', 3);
INSERT INTO F_Balance_History (Date, AccountID, AccountName, BalanceDate, Balance, AvailableBalance, OrganizationDomain, OrganizationName, OrganizationSFInURL, DisplayAccountName, AccountTypeKey) VALUES (date('now','-4 day'), 'CC1', 'My Credit Card', date('now','-4 day'), -700, NULL, 'creditcardcompany.com', 'Credit Card Company', 'https://creditcardcompany.com/sfin', 'My Credit Card', 3);
INSERT INTO F_Balance_History (Date, AccountID, AccountName, BalanceDate, Balance, AvailableBalance, OrganizationDomain, OrganizationName, OrganizationSFInURL, DisplayAccountName, AccountTypeKey) VALUES (date('now','-5 day'), 'CC1', 'My Credit Card', date('now','-5 day'), -750, NULL, 'creditcardcompany.com', 'Credit Card Company', 'https://creditcardcompany.com/sfin', 'My Credit Card', 3);

-- Checking Account (CHK1) - Dates from now to now - 5 days
INSERT INTO F_Balance_History (Date, AccountID, AccountName, BalanceDate, Balance, AvailableBalance, OrganizationDomain, OrganizationName, OrganizationSFInURL, DisplayAccountName, AccountTypeKey) VALUES (date('now','-6 day'), 'CHK1', 'My Checking Account', date('now','-6 day'), 2500, 2450, 'bankofexample.com', 'Bank of Example', 'https://bankofexample.com/sfin', 'My Checking Account', 1);
INSERT INTO F_Balance_History (Date, AccountID, AccountName, BalanceDate, Balance, AvailableBalance, OrganizationDomain, OrganizationName, OrganizationSFInURL, DisplayAccountName, AccountTypeKey) VALUES (date('now','-7 day'), 'CHK1', 'My Checking Account', date('now','-7 day'), 2800, 2450, 'bankofexample.com', 'Bank of Example', 'https://bankofexample.com/sfin', 'My Checking Account', 1);
INSERT INTO F_Balance_History (Date, AccountID, AccountName, BalanceDate, Balance, AvailableBalance, OrganizationDomain, OrganizationName, OrganizationSFInURL, DisplayAccountName, AccountTypeKey) VALUES (date('now','-8 day'), 'CHK1', 'My Checking Account', date('now','-8 day'), 3100, 2450, 'bankofexample.com', 'Bank of Example', 'https://bankofexample.com/sfin', 'My Checking Account', 1);
INSERT INTO F_Balance_History (Date, AccountID, AccountName, BalanceDate, Balance, AvailableBalance, OrganizationDomain, OrganizationName, OrganizationSFInURL, DisplayAccountName, AccountTypeKey) VALUES (date('now','-9 day'), 'CHK1', 'My Checking Account', date('now','-9 day'), 1000, 2450, 'bankofexample.com', 'Bank of Example', 'https://bankofexample.com/sfin', 'My Checking Account', 1);
INSERT INTO F_Balance_History (Date, AccountID, AccountName, BalanceDate, Balance, AvailableBalance, OrganizationDomain, OrganizationName, OrganizationSFInURL, DisplayAccountName, AccountTypeKey) VALUES (date('now','-10 day'), 'CHK1', 'My Checking Account', date('now','-10 day'), 2700, 2450, 'bankofexample.com', 'Bank of Example', 'https://bankofexample.com/sfin', 'My Checking Account', 1);
INSERT INTO F_Balance_History (Date, AccountID, AccountName, BalanceDate, Balance, AvailableBalance, OrganizationDomain, OrganizationName, OrganizationSFInURL, DisplayAccountName, AccountTypeKey) VALUES (date('now','-11 day'), 'CHK1', 'My Checking Account', date('now','-11 day'), 2750, 2450, 'bankofexample.com', 'Bank of Example', 'https://bankofexample.com/sfin', 'My Checking Account', 1);

-- Savings Account (SAV1) - Dates from now to now - 5 days
INSERT INTO F_Balance_History (Date, AccountID, AccountName, BalanceDate, Balance, AvailableBalance, OrganizationDomain, OrganizationName, OrganizationSFInURL, DisplayAccountName, AccountTypeKey) VALUES (date('now','-12 day'), 'SAV1', 'My Savings Account', date('now','-12 day'), 2000, 10000, 'bankofexample.com', 'Bank of Example', 'https://bankofexample.com/sfin', 'My Savings Account', 2);
INSERT INTO F_Balance_History (Date, AccountID, AccountName, BalanceDate, Balance, AvailableBalance, OrganizationDomain, OrganizationName, OrganizationSFInURL, DisplayAccountName, AccountTypeKey) VALUES (date('now','-13 day'), 'SAV1', 'My Savings Account', date('now','-13 day'), 1000, 10000, 'bankofexample.com', 'Bank of Example', 'https://bankofexample.com/sfin', 'My Savings Account', 2);
INSERT INTO F_Balance_History (Date, AccountID, AccountName, BalanceDate, Balance, AvailableBalance, OrganizationDomain, OrganizationName, OrganizationSFInURL, DisplayAccountName, AccountTypeKey) VALUES (date('now','-14 day'), 'SAV1', 'My Savings Account', date('now','-14 day'), 3500, 10000, 'bankofexample.com', 'Bank of Example', 'https://bankofexample.com/sfin', 'My Savings Account', 2);
INSERT INTO F_Balance_History (Date, AccountID, AccountName, BalanceDate, Balance, AvailableBalance, OrganizationDomain, OrganizationName, OrganizationSFInURL, DisplayAccountName, AccountTypeKey) VALUES (date('now','-15 day'), 'SAV1', 'My Savings Account', date('now','-15 day'), 7845, 2878, 'bankofexample.com', 'Bank of Example', 'https://bankofexample.com/sfin', 'My Savings Account', 2);
INSERT INTO F_Balance_History (Date, AccountID, AccountName, BalanceDate, Balance, AvailableBalance, OrganizationDomain, OrganizationName, OrganizationSFInURL, DisplayAccountName, AccountTypeKey) VALUES (date('now','-16 day'), 'SAV1', 'My Savings Account', date('now','-16 day'), 780, 2878, 'bankofexample.com', 'Bank of Example', 'https://bankofexample.com/sfin', 'My Savings Account', 2);
INSERT INTO F_Balance_History (Date, AccountID, AccountName, BalanceDate, Balance, AvailableBalance, OrganizationDomain, OrganizationName, OrganizationSFInURL, DisplayAccountName, AccountTypeKey) VALUES (date('now','-17 day'), 'SAV1', 'My Savings Account', date('now','-17 day'), 2878, 2878, 'bankofexample.com', 'Bank of Example', 'https://bankofexample.com/sfin', 'My Savings Account', 2);



-- Get the start date of the current month
WITH current_month AS (
  SELECT date('now', 'start of month') AS start_date
),
-- Get the start date of the previous month
previous_month AS (
  SELECT date( (SELECT start_date FROM current_month), '-1 month', 'start of month') AS start_date
),
-- Get the start date of the month before last
previous_2_month AS (
  SELECT date( (SELECT start_date FROM previous_month), '-1 month', 'start of month') AS start_date
)

-- Insert budgets for the current month
INSERT INTO F_Budget (BudgetMonth, SubCategory, BudgetAmount)
SELECT (SELECT start_date FROM current_month), SubCategory, BudgetAmount FROM D_Budget
UNION ALL
-- Insert budgets for the previous month
SELECT (SELECT start_date FROM previous_month), SubCategory, BudgetAmount FROM D_Budget
UNION ALL
-- Insert budgets for the month before last
SELECT (SELECT start_date FROM previous_2_month), SubCategory, BudgetAmount FROM D_Budget;




-- Current Month Transactions (Checking Account - CHK1)
INSERT INTO F_Transaction (AccountID, AccountName, TransactionID, TransactionPosted, TransactionAmount, TransactionDescription, TransactionPayee, TransactionMemo, SubCategory, TransactionPending, TransactionAmountNew) VALUES ('CHK1', 'My Checking Account', 'CM_CHK1_01', date('now', 'start of month', '+2 days'), -45.00, 'Gas', 'Shell', 'Regular', 'Auto Gas', '', NULL);
INSERT INTO F_Transaction (AccountID, AccountName, TransactionID, TransactionPosted, TransactionAmount, TransactionDescription, TransactionPayee, TransactionMemo, SubCategory, TransactionPending, TransactionAmountNew) VALUES ('CHK1', 'My Checking Account', 'CM_CHK1_02', date('now', 'start of month', '+5 days'), -110.00, 'Electricity', 'Eversource', 'Monthly bill', 'Electric', '', NULL);
INSERT INTO F_Transaction (AccountID, AccountName, TransactionID, TransactionPosted, TransactionAmount, TransactionDescription, TransactionPayee, TransactionMemo, SubCategory, TransactionPending, TransactionAmountNew) VALUES ('CHK1', 'My Checking Account', 'CM_CHK1_03', date('now', 'start of month', '+7 days'), -28.00, 'Lunch', 'Subway', 'Quick lunch', 'Eating Outside', '', NULL);
INSERT INTO F_Transaction (AccountID, AccountName, TransactionID, TransactionPosted, TransactionAmount, TransactionDescription, TransactionPayee, TransactionMemo, SubCategory, TransactionPending, TransactionAmountNew) VALUES ('CHK1', 'My Checking Account', 'CM_CHK1_04', date('now', 'start of month', '+10 days'), -69.99, 'Internet', 'Optimum', 'Monthly service', 'Internet', '', NULL);
INSERT INTO F_Transaction (AccountID, AccountName, TransactionID, TransactionPosted, TransactionAmount, TransactionDescription, TransactionPayee, TransactionMemo, SubCategory, TransactionPending, TransactionAmountNew) VALUES ('CHK1', 'My Checking Account', 'CM_CHK1_05', date('now', 'start of month', '+12 days'), -55.00, 'Phone', 'Verizon', 'Monthly plan', 'Mobile Phone', '', NULL);
INSERT INTO F_Transaction (AccountID, AccountName, TransactionID, TransactionPosted, TransactionAmount, TransactionDescription, TransactionPayee, TransactionMemo, SubCategory, TransactionPending, TransactionAmountNew) VALUES ('CHK1', 'My Checking Account', 'CM_CHK1_06', date('now', 'start of month', '+14 days'), -295.00, 'Car payment', 'Honda Finance', 'Monthly payment', 'Auto Payment', '', NULL);
INSERT INTO F_Transaction (AccountID, AccountName, TransactionID, TransactionPosted, TransactionAmount, TransactionDescription, TransactionPayee, TransactionMemo, SubCategory, TransactionPending, TransactionAmountNew) VALUES ('CHK1', 'My Checking Account', 'CM_CHK1_07', date('now', 'start of month', '+16 days'), -39.50, 'Gas', 'Exxon', 'Premium', 'Auto Gas', '', NULL);
INSERT INTO F_Transaction (AccountID, AccountName, TransactionID, TransactionPosted, TransactionAmount, TransactionDescription, TransactionPayee, TransactionMemo, SubCategory, TransactionPending, TransactionAmountNew) VALUES ('CHK1', 'My Checking Account', 'CM_CHK1_08', date('now', 'start of month', '+18 days'), -95.00, 'Electricity', 'Eversource', 'Monthly bill', 'Electric', '', NULL);
INSERT INTO F_Transaction (AccountID, AccountName, TransactionID, TransactionPosted, TransactionAmount, TransactionDescription, TransactionPayee, TransactionMemo, SubCategory, TransactionPending, TransactionAmountNew) VALUES ('CHK1', 'My Checking Account', 'CM_CHK1_09', date('now', 'start of month', '+20 days'), -32.00, 'Dinner', 'Italian', 'Nice meal', 'Eating Outside', '', NULL);
INSERT INTO F_Transaction (AccountID, AccountName, TransactionID, TransactionPosted, TransactionAmount, TransactionDescription, TransactionPayee, TransactionMemo, SubCategory, TransactionPending, TransactionAmountNew) VALUES ('CHK1', 'My Checking Account', 'CM_CHK1_10', date('now', 'start of month', '+22 days'), -79.99, 'Internet', 'Optimum', 'Monthly service', 'Internet', '', NULL);
INSERT INTO F_Transaction (AccountID, AccountName, TransactionID, TransactionPosted, TransactionAmount, TransactionDescription, TransactionPayee, TransactionMemo, SubCategory, TransactionPending, TransactionAmountNew) VALUES ('CHK1', 'My Checking Account', 'CM_CHK1_11', date('now', 'start of month', '+24 days'), -62.00, 'Phone', 'Verizon', 'Monthly plan', 'Mobile Phone', '1', -62.00);
INSERT INTO F_Transaction (AccountID, AccountName, TransactionID, TransactionPosted, TransactionAmount, TransactionDescription, TransactionPayee, TransactionMemo, SubCategory, TransactionPending, TransactionAmountNew) VALUES ('CHK1', 'My Checking Account', 'CM_CHK1_12', date('now', 'start of month', '+26 days'), -305.00, 'Car payment', 'Honda Finance', 'Monthly payment', 'Auto Payment', '1', -305.00);
INSERT INTO F_Transaction (AccountID, AccountName, TransactionID, TransactionPosted, TransactionAmount, TransactionDescription, TransactionPayee, TransactionMemo, SubCategory, TransactionPending, TransactionAmountNew) VALUES ('CHK1', 'My Checking Account', 'CM_CHK1_13', date('now', 'start of month', '+3 days'), -47.00, 'Gas', 'Shell', 'Regular', 'Auto Gas', '', NULL);
INSERT INTO F_Transaction (AccountID, AccountName, TransactionID, TransactionPosted, TransactionAmount, TransactionDescription, TransactionPayee, TransactionMemo, SubCategory, TransactionPending, TransactionAmountNew) VALUES ('CHK1', 'My Checking Account', 'CM_CHK1_14', date('now', 'start of month', '+6 days'), -100.00, 'Electricity', 'Eversource', 'Monthly bill', 'Electric', '', NULL);
INSERT INTO F_Transaction (AccountID, AccountName, TransactionID, TransactionPosted, TransactionAmount, TransactionDescription, TransactionPayee, TransactionMemo, SubCategory, TransactionPending, TransactionAmountNew) VALUES ('CHK1', 'My Checking Account', 'CM_CHK1_15', date('now', 'start of month', '+8 days'), -25.00, 'Lunch', 'Subway', 'Quick lunch', 'Eating Outside', '', NULL);
INSERT INTO F_Transaction (AccountID, AccountName, TransactionID, TransactionPosted, TransactionAmount, TransactionDescription, TransactionPayee, TransactionMemo, SubCategory, TransactionPending, TransactionAmountNew) VALUES ('CHK1', 'My Checking Account', 'CM_CHK1_16', date('now', 'start of month', '+13 days'), -81.00, 'Internet', 'Optimum', 'Monthly service', 'Internet', '', NULL);
INSERT INTO F_Transaction (AccountID, AccountName, TransactionID, TransactionPosted, TransactionAmount, TransactionDescription, TransactionPayee, TransactionMemo, SubCategory, TransactionPending, TransactionAmountNew) VALUES ('CHK1', 'My Checking Account', 'CM_CHK1_17', date('now', 'start of month', '+21 days'), -77.00, 'Phone', 'Verizon', 'Monthly plan', 'Mobile Phone', '', NULL);
INSERT INTO F_Transaction (AccountID, AccountName, TransactionID, TransactionPosted, TransactionAmount, TransactionDescription, TransactionPayee, TransactionMemo, SubCategory, TransactionPending, TransactionAmountNew) VALUES ('CHK1', 'My Checking Account', 'CM_CHK1_18', date('now', 'start of month', '+25 days'), -310.00, 'Car payment', 'Honda Finance', 'Monthly payment', 'Auto Payment', '', NULL);
INSERT INTO F_Transaction (AccountID, AccountName, TransactionID, TransactionPosted, TransactionAmount, TransactionDescription, TransactionPayee, TransactionMemo, SubCategory, TransactionPending, TransactionAmountNew) VALUES ('CHK1', 'My Checking Account', 'CM_CHK1_19', date('now', 'start of month', '+10 days'), -44.00, 'Gas', 'Shell', 'Regular', 'Auto Gas', '', NULL);
INSERT INTO F_Transaction (AccountID, AccountName, TransactionID, TransactionPosted, TransactionAmount, TransactionDescription, TransactionPayee, TransactionMemo, SubCategory, TransactionPending, TransactionAmountNew) VALUES ('CHK1', 'My Checking Account', 'CM_CHK1_20', date('now', 'start of month', '+23 days'), -93.00, 'Electricity', 'Eversource', 'Monthly bill', 'Electric', '', NULL);
-- Previous Month Transactions (Checking Account - CHK1)
INSERT INTO F_Transaction (AccountID, AccountName, TransactionID, TransactionPosted, TransactionAmount, TransactionDescription, TransactionPayee, TransactionMemo, SubCategory, TransactionPending, TransactionAmountNew) VALUES ('CHK1', 'My Checking Account', 'PM_CHK1_01', date('now', 'start of month', '-1 month', '+1 days'), -42.00, 'Gas', 'Shell', 'Regular', 'Auto Gas', '', NULL);
INSERT INTO F_Transaction (AccountID, AccountName, TransactionID, TransactionPosted, TransactionAmount, TransactionDescription, TransactionPayee, TransactionMemo, SubCategory, TransactionPending, TransactionAmountNew) VALUES ('CHK1', 'My Checking Account', 'PM_CHK1_02', date('now', 'start of month', '-1 month', '+4 days'), -115.00, 'Electricity', 'Eversource', 'Monthly bill', 'Electric', '', NULL);
INSERT INTO F_Transaction (AccountID, AccountName, TransactionID, TransactionPosted, TransactionAmount, TransactionDescription, TransactionPayee, TransactionMemo, SubCategory, TransactionPending, TransactionAmountNew) VALUES ('CHK1', 'My Checking Account', 'PM_CHK1_03', date('now', 'start of month', '-1 month', '+6 days'), -29.00, 'Lunch', 'Subway', 'Quick lunch', 'Eating Outside', '', NULL);
INSERT INTO F_Transaction (AccountID, AccountName, TransactionID, TransactionPosted, TransactionAmount, TransactionDescription, TransactionPayee, TransactionMemo, SubCategory, TransactionPending, TransactionAmountNew) VALUES ('CHK1', 'My Checking Account', 'PM_CHK1_04', date('now', 'start of month', '-1 month', '+9 days'), -70.00, 'Internet', 'Optimum', 'Monthly service', 'Internet', '', NULL);
INSERT INTO F_Transaction (AccountID, AccountName, TransactionID, TransactionPosted, TransactionAmount, TransactionDescription, TransactionPayee, TransactionMemo, SubCategory, TransactionPending, TransactionAmountNew) VALUES ('CHK1', 'My Checking Account', 'PM_CHK1_05', date('now', 'start of month', '-1 month', '+11 days'), -54.00, 'Phone', 'Verizon', 'Monthly plan', 'Mobile Phone', '', NULL);
INSERT INTO F_Transaction (AccountID, AccountName, TransactionID, TransactionPosted, TransactionAmount, TransactionDescription, TransactionPayee, TransactionMemo, SubCategory, TransactionPending, TransactionAmountNew) VALUES ('CHK1', 'My Checking Account', 'PM_CHK1_06', date('now', 'start of month', '-1 month', '+13 days'), -290.00, 'Car payment', 'Honda Finance', 'Monthly payment', 'Auto Payment', '', NULL);
INSERT INTO F_Transaction (AccountID, AccountName, TransactionID, TransactionPosted, TransactionAmount, TransactionDescription, TransactionPayee, TransactionMemo, SubCategory, TransactionPending, TransactionAmountNew) VALUES ('CHK1', 'My Checking Account', 'PM_CHK1_07', date('now', 'start of month', '-1 month', '+15 days'), -40.00, 'Gas', 'Exxon', 'Premium', 'Auto Gas', '', NULL);
INSERT INTO F_Transaction (AccountID, AccountName, TransactionID, TransactionPosted, TransactionAmount, TransactionDescription, TransactionPayee, TransactionMemo, SubCategory, TransactionPending, TransactionAmountNew) VALUES ('CHK1', 'My Checking Account', 'PM_CHK1_08', date('now', 'start of month', '-1 month', '+17 days'), -90.00, 'Electricity', 'Eversource', 'Monthly bill', 'Electric', '', NULL);
INSERT INTO F_Transaction (AccountID, AccountName, TransactionID, TransactionPosted, TransactionAmount, TransactionDescription, TransactionPayee, TransactionMemo, SubCategory, TransactionPending, TransactionAmountNew) VALUES ('CHK1', 'My Checking Account', 'PM_CHK1_09', date('now', 'start of month', '-1 month', '+19 days'), -30.00, 'Dinner', 'Italian', 'Nice meal', 'Eating Outside', '', NULL);
INSERT INTO F_Transaction (AccountID, AccountName, TransactionID, TransactionPosted, TransactionAmount, TransactionDescription, TransactionPayee, TransactionMemo, SubCategory, TransactionPending, TransactionAmountNew) VALUES ('CHK1', 'My Checking Account', 'PM_CHK1_10', date('now', 'start of month', '-1 month', '+21 days'), -75.00, 'Internet', 'Optimum', 'Monthly service', 'Internet', '', NULL);
INSERT INTO F_Transaction (AccountID, AccountName, TransactionID, TransactionPosted, TransactionAmount, TransactionDescription, TransactionPayee, TransactionMemo, SubCategory, TransactionPending, TransactionAmountNew) VALUES ('CHK1', 'My Checking Account', 'PM_CHK1_11', date('now', 'start of month', '-1 month', '+23 days'), -60.00, 'Phone', 'Verizon', 'Monthly plan', 'Mobile Phone', '', NULL);
INSERT INTO F_Transaction (AccountID, AccountName, TransactionID, TransactionPosted, TransactionAmount, TransactionDescription, TransactionPayee, TransactionMemo, SubCategory, TransactionPending, TransactionAmountNew) VALUES ('CHK1', 'My Checking Account', 'PM_CHK1_12', date('now', 'start of month', '-1 month', '+25 days'), -300.00, 'Car payment', 'Honda Finance', 'Monthly payment', 'Auto Payment', '', NULL);
INSERT INTO F_Transaction (AccountID, AccountName, TransactionID, TransactionPosted, TransactionAmount, TransactionDescription, TransactionPayee, TransactionMemo, SubCategory, TransactionPending, TransactionAmountNew) VALUES ('CHK1', 'My Checking Account', 'PM_CHK1_13', date('now', 'start of month', '-1 month', '+2 days'), -47.00, 'Gas', 'Shell', 'Regular', 'Auto Gas', '', NULL);
INSERT INTO F_Transaction (AccountID, AccountName, TransactionID, TransactionPosted, TransactionAmount, TransactionDescription, TransactionPayee, TransactionMemo, SubCategory, TransactionPending, TransactionAmountNew) VALUES ('CHK1', 'My Checking Account', 'PM_CHK1_14', date('now', 'start of month', '-1 month', '+5 days'), -100.00, 'Electricity', 'Eversource', 'Monthly bill', 'Electric', '', NULL);
INSERT INTO F_Transaction (AccountID, AccountName, TransactionID, TransactionPosted, TransactionAmount, TransactionDescription, TransactionPayee, TransactionMemo, SubCategory, TransactionPending, TransactionAmountNew) VALUES ('CHK1', 'My Checking Account', 'PM_CHK1_15', date('now', 'start of month', '-1 month', '+7 days'), -20.00, 'Lunch', 'Subway', 'Quick lunch', 'Eating Outside', '', NULL);
INSERT INTO F_Transaction (AccountID, AccountName, TransactionID, TransactionPosted, TransactionAmount, TransactionDescription, TransactionPayee, TransactionMemo, SubCategory, TransactionPending, TransactionAmountNew) VALUES ('CHK1', 'My Checking Account', 'PM_CHK1_16', date('now', 'start of month', '-1 month', '+12 days'), -80.00, 'Internet', 'Optimum', 'Monthly service', 'Internet', '', NULL);
INSERT INTO F_Transaction (AccountID, AccountName, TransactionID, TransactionPosted, TransactionAmount, TransactionDescription, TransactionPayee, TransactionMemo, SubCategory, TransactionPending, TransactionAmountNew) VALUES ('CHK1', 'My Checking Account', 'PM_CHK1_17', date('now', 'start of month', '-1 month', '+20 days'), -70.00, 'Phone', 'Verizon', 'Monthly plan', 'Mobile Phone', '', NULL);
INSERT INTO F_Transaction (AccountID, AccountName, TransactionID, TransactionPosted, TransactionAmount, TransactionDescription, TransactionPayee, TransactionMemo, SubCategory, TransactionPending, TransactionAmountNew) VALUES ('CHK1', 'My Checking Account', 'PM_CHK1_18', date('now', 'start of month', '-1 month', '+24 days'), -310.00, 'Car payment', 'Honda Finance', 'Monthly payment', 'Auto Payment', '', NULL);
INSERT INTO F_Transaction (AccountID, AccountName, TransactionID, TransactionPosted, TransactionAmount, TransactionDescription, TransactionPayee, TransactionMemo, SubCategory, TransactionPending, TransactionAmountNew) VALUES ('CHK1', 'My Checking Account', 'PM_CHK1_19', date('now', 'start of month', '-1 month', '+9 days'), -44.00, 'Gas', 'Shell', 'Regular', 'Auto Gas', '', NULL);
INSERT INTO F_Transaction (AccountID, AccountName, TransactionID, TransactionPosted, TransactionAmount, TransactionDescription, TransactionPayee, TransactionMemo, SubCategory, TransactionPending, TransactionAmountNew) VALUES ('CHK1', 'My Checking Account', 'PM_CHK1_20', date('now', 'start of month', '-1 month', '+21 days'), -93.00, 'Electricity', 'Eversource', 'Monthly bill', 'Electric', '', NULL);
-- Previous 2 Month Transactions (Checking Account - CHK1)
INSERT INTO F_Transaction (AccountID, AccountName, TransactionID, TransactionPosted, TransactionAmount, TransactionDescription, TransactionPayee, TransactionMemo, SubCategory, TransactionPending, TransactionAmountNew) VALUES ('CHK1', 'My Checking Account', 'P2M_CHK1_01', date('now', 'start of month', '-2 months', '+4 days'), -43.00, 'Gas', 'Shell', 'Regular', 'Auto Gas', '', NULL);
INSERT INTO F_Transaction (AccountID, AccountName, TransactionID, TransactionPosted, TransactionAmount, TransactionDescription, TransactionPayee, TransactionMemo, SubCategory, TransactionPending, TransactionAmountNew) VALUES ('CHK1', 'My Checking Account', 'P2M_CHK1_02', date('now', 'start of month', '-2 months', '+6 days'), -120.00, 'Electricity', 'Eversource', 'Monthly bill', 'Electric', '', NULL);
INSERT INTO F_Transaction (AccountID, AccountName, TransactionID, TransactionPosted, TransactionAmount, TransactionDescription, TransactionPayee, TransactionMemo, SubCategory, TransactionPending, TransactionAmountNew) VALUES ('CHK1', 'My Checking Account', 'P2M_CHK1_03', date('now', 'start of month', '-2 months', '+8 days'), -30.00, 'Lunch', 'Subway', 'Quick lunch', 'Eating Outside', '', NULL);
INSERT INTO F_Transaction (AccountID, AccountName, TransactionID, TransactionPosted, TransactionAmount, TransactionDescription, TransactionPayee, TransactionMemo, SubCategory, TransactionPending, TransactionAmountNew) VALUES ('CHK1', 'My Checking Account', 'P2M_CHK1_04', date('now', 'start of month', '-2 months', '+11 days'), -80.00, 'Internet', 'Optimum', 'Monthly service', 'Internet', '', NULL);
INSERT INTO F_Transaction (AccountID, AccountName, TransactionID, TransactionPosted, TransactionAmount, TransactionDescription, TransactionPayee, TransactionMemo, SubCategory, TransactionPending, TransactionAmountNew) VALUES ('CHK1', 'My Checking Account', 'P2M_CHK1_05', date('now', 'start of month', '-2 months', '+13 days'), -50.00, 'Phone', 'Verizon', 'Monthly plan', 'Mobile Phone', '', NULL);
INSERT INTO F_Transaction (AccountID, AccountName, TransactionID, TransactionPosted, TransactionAmount, TransactionDescription, TransactionPayee, TransactionMemo, SubCategory, TransactionPending, TransactionAmountNew) VALUES ('CHK1', 'My Checking Account', 'P2M_CHK1_06', date('now', 'start of month', '-2 months', '+15 days'), -310.00, 'Car payment', 'Honda Finance', 'Monthly payment', 'Auto Payment', '', NULL);
INSERT INTO F_Transaction (AccountID, AccountName, TransactionID, TransactionPosted, TransactionAmount, TransactionDescription, TransactionPayee, TransactionMemo, SubCategory, TransactionPending, TransactionAmountNew) VALUES ('CHK1', 'My Checking Account', 'P2M_CHK1_07', date('now', 'start of month', '-2 months', '+17 days'), -45.00, 'Gas', 'Exxon', 'Premium', 'Auto Gas', '', NULL);
INSERT INTO F_Transaction (AccountID, AccountName, TransactionID, TransactionPosted, TransactionAmount, TransactionDescription, TransactionPayee, TransactionMemo, SubCategory, TransactionPending, TransactionAmountNew) VALUES ('CHK1', 'My Checking Account', 'P2M_CHK1_08', date('now', 'start of month', '-2 months', '+19 days'), -100.00, 'Electricity', 'Eversource', 'Monthly bill', 'Electric', '', NULL);
INSERT INTO F_Transaction (AccountID, AccountName, TransactionID, TransactionPosted, TransactionAmount, TransactionDescription, TransactionPayee, TransactionMemo, SubCategory, TransactionPending, TransactionAmountNew) VALUES ('CHK1', 'My Checking Account', 'P2M_CHK1_09', date('now', 'start of month', '-2 months', '+21 days'), -35.00, 'Dinner', 'Italian', 'Nice meal', 'Eating Outside', '', NULL);
INSERT INTO F_Transaction (AccountID, AccountName, TransactionID, TransactionPosted, TransactionAmount, TransactionDescription, TransactionPayee, TransactionMemo, SubCategory, TransactionPending, TransactionAmountNew) VALUES ('CHK1', 'My Checking Account', 'P2M_CHK1_10', date('now', 'start of month', '-2 months', '+23 days'), -77.00, 'Internet', 'Optimum', 'Monthly service', 'Internet', '', NULL);
INSERT INTO F_Transaction (AccountID, AccountName, TransactionID, TransactionPosted, TransactionAmount, TransactionDescription, TransactionPayee, TransactionMemo, SubCategory, TransactionPending, TransactionAmountNew) VALUES ('CHK1', 'My Checking Account', 'P2M_CHK1_11', date('now', 'start of month', '-2 months', '+25 days'), -61.00, 'Phone', 'Verizon', 'Monthly plan', 'Mobile Phone', '', NULL);
INSERT INTO F_Transaction (AccountID, AccountName, TransactionID, TransactionPosted, TransactionAmount, TransactionDescription, TransactionPayee, TransactionMemo, SubCategory, TransactionPending, TransactionAmountNew) VALUES ('CHK1', 'My Checking Account', 'P2M_CHK1_12', date('now', 'start of month', '-2 months', '+27 days'), -305.00, 'Car payment', 'Honda Finance', 'Monthly payment', 'Auto Payment', '', NULL);
INSERT INTO F_Transaction (AccountID, AccountName, TransactionID, TransactionPosted, TransactionAmount, TransactionDescription, TransactionPayee, TransactionMemo, SubCategory, TransactionPending, TransactionAmountNew) VALUES ('CHK1', 'My Checking Account', 'P2M_CHK1_13', date('now', 'start of month', '-2 months', '+3 days'), -46.00, 'Gas', 'Shell', 'Regular', 'Auto Gas', '', NULL);
INSERT INTO F_Transaction (AccountID, AccountName, TransactionID, TransactionPosted, TransactionAmount, TransactionDescription, TransactionPayee, TransactionMemo, SubCategory, TransactionPending, TransactionAmountNew) VALUES ('CHK1', 'My Checking Account', 'P2M_CHK1_15', date('now', 'start of month', '-2 months', '+8 days'), -23.00, 'Lunch', 'Subway', 'Quick lunch', 'Eating Outside', '', NULL);
INSERT INTO F_Transaction (AccountID, AccountName, TransactionID, TransactionPosted, TransactionAmount, TransactionDescription, TransactionPayee, TransactionMemo, SubCategory, TransactionPending, TransactionAmountNew) VALUES ('CHK1', 'My Checking Account', 'P2M_CHK1_16', date('now', 'start of month', '-2 months', '+12 days'), -79.00, 'Internet', 'Optimum', 'Monthly service', 'Internet', '', NULL);
INSERT INTO F_Transaction (AccountID, AccountName, TransactionID, TransactionPosted, TransactionAmount, TransactionDescription, TransactionPayee, TransactionMemo, SubCategory, TransactionPending, TransactionAmountNew) VALUES ('CHK1', 'My Checking Account', 'P2M_CHK1_17', date('now', 'start of month', '-2 months', '+19 days'), -66.00, 'Phone', 'Verizon', 'Monthly plan', 'Mobile Phone', '', NULL);
INSERT INTO F_Transaction (AccountID, AccountName, TransactionID, TransactionPosted, TransactionAmount, TransactionDescription, TransactionPayee, TransactionMemo, SubCategory, TransactionPending, TransactionAmountNew) VALUES ('CHK1', 'My Checking Account', 'P2M_CHK1_18', date('now', 'start of month', '-2 months', '+24 days'), -299.00, 'Car payment', 'Honda Finance', 'Monthly payment', 'Auto Payment', '', NULL);
INSERT INTO F_Transaction (AccountID, AccountName, TransactionID, TransactionPosted, TransactionAmount, TransactionDescription, TransactionPayee, TransactionMemo, SubCategory, TransactionPending, TransactionAmountNew) VALUES ('CHK1', 'My Checking Account', 'P2M_CHK1_19', date('now', 'start of month', '-2 months', '+2 days'), -41.00, 'Gas', 'Shell', 'Regular', 'Auto Gas', '', NULL);
INSERT INTO F_Transaction (AccountID, AccountName, TransactionID, TransactionPosted, TransactionAmount, TransactionDescription, TransactionPayee, TransactionMemo, SubCategory, TransactionPending, TransactionAmountNew) VALUES ('CHK1', 'My Checking Account', 'P2M_CHK1_20', date('now', 'start of month', '-2 months', '+20 days'), -89.00, 'Electricity', 'Eversource', 'Monthly bill', 'Electric', '', NULL);

-- Credit Card Transactions will be here
INSERT INTO F_Transaction (AccountID, AccountName, TransactionID, TransactionPosted, TransactionAmount, TransactionDescription, TransactionPayee, TransactionMemo, SubCategory, TransactionPending, TransactionAmountNew) VALUES ('CC1', 'My Credit Card', 'CM_CC1_01', date('now', 'start of month', '+1 days'), -30.00, 'Groceries', 'Trader Joe''s', 'Weekly', 'Groceries', '', NULL);
INSERT INTO F_Transaction (AccountID, AccountName, TransactionID, TransactionPosted, TransactionAmount, TransactionDescription, TransactionPayee, TransactionMemo, SubCategory, TransactionPending, TransactionAmountNew) VALUES ('CC1', 'My Credit Card', 'CM_CC1_02', date('now', 'start of month', '+6 days'), -75.00, 'Clothes', 'Old Navy', 'New Jeans', 'Shopping', '', NULL);
INSERT INTO F_Transaction (AccountID, AccountName, TransactionID, TransactionPosted, TransactionAmount, TransactionDescription, TransactionPayee, TransactionMemo, SubCategory, TransactionPending, TransactionAmountNew) VALUES ('CC1', 'My Credit Card', 'CM_CC1_03', date('now', 'start of month', '+10 days'), -15.00, 'Coffee', 'Starbucks', 'Morning Coffee', 'Eating Outside', '', NULL);
INSERT INTO F_Transaction (AccountID, AccountName, TransactionID, TransactionPosted, TransactionAmount, TransactionDescription, TransactionPayee, TransactionMemo, SubCategory, TransactionPending, TransactionAmountNew) VALUES ('CC1', 'My Credit Card', 'CM_CC1_04', date('now', 'start of month', '+14 days'), -120.00, 'Electronics', 'Best Buy', 'New Headphone', 'Shopping', '', NULL);
INSERT INTO F_Transaction (AccountID, AccountName, TransactionID, TransactionPosted, TransactionAmount, TransactionDescription, TransactionPayee, TransactionMemo, SubCategory, TransactionPending, TransactionAmountNew) VALUES ('CC1', 'My Credit Card', 'CM_CC1_05', date('now', 'start of month', '+18 days'), -40.00, 'Dinner', 'Sushi Bar', 'Evening Dinner', 'Eating Outside', '', NULL);
INSERT INTO F_Transaction (AccountID, AccountName, TransactionID, TransactionPosted, TransactionAmount, TransactionDescription, TransactionPayee, TransactionMemo, SubCategory, TransactionPending, TransactionAmountNew) VALUES ('CC1', 'My Credit Card', 'CM_CC1_06', date('now', 'start of month', '+22 days'), -25.00, 'Movie', 'AMC', 'Weekend movie', 'Entertainment', '', NULL);
INSERT INTO F_Transaction (AccountID, AccountName, TransactionID, TransactionPosted, TransactionAmount, TransactionDescription, TransactionPayee, TransactionMemo, SubCategory, TransactionPending, TransactionAmountNew) VALUES ('CC1', 'My Credit Card', 'CM_CC1_07', date('now', 'start of month', '+3 days'), -20.00, 'Groceries', 'Whole Foods', 'Organic Food', 'Groceries', '', NULL);
INSERT INTO F_Transaction (AccountID, AccountName, TransactionID, TransactionPosted, TransactionAmount, TransactionDescription, TransactionPayee, TransactionMemo, SubCategory, TransactionPending, TransactionAmountNew) VALUES ('CC1', 'My Credit Card', 'CM_CC1_08', date('now', 'start of month', '+8 days'), -90.00, 'Shoes', 'Nike', 'New Running Shoes', 'Shopping', '', NULL);
INSERT INTO F_Transaction (AccountID, AccountName, TransactionID, TransactionPosted, TransactionAmount, TransactionDescription, TransactionPayee, TransactionMemo, SubCategory, TransactionPending, TransactionAmountNew) VALUES ('CC1', 'My Credit Card', 'CM_CC1_09', date('now', 'start of month', '+12 days'), -10.00, 'Coffee', 'Local Cafe', 'Morning Coffee', 'Eating Outside', '', NULL);
INSERT INTO F_Transaction (AccountID, AccountName, TransactionID, TransactionPosted, TransactionAmount, TransactionDescription, TransactionPayee, TransactionMemo, SubCategory, TransactionPending, TransactionAmountNew) VALUES ('CC1', 'My Credit Card', 'CM_CC1_10', date('now', 'start of month', '+16 days'), -150.00, 'Tablet', 'Apple store', 'New Ipad', 'Shopping', '', NULL);
INSERT INTO F_Transaction (AccountID, AccountName, TransactionID, TransactionPosted, TransactionAmount, TransactionDescription, TransactionPayee, TransactionMemo, SubCategory, TransactionPending, TransactionAmountNew) VALUES ('CC1', 'My Credit Card', 'CM_CC1_11', date('now', 'start of month', '+20 days'), -45.00, 'Dinner', 'Mexican resturant', 'Dinner date', 'Eating Outside', '', NULL);
INSERT INTO F_Transaction (AccountID, AccountName, TransactionID, TransactionPosted, TransactionAmount, TransactionDescription, TransactionPayee, TransactionMemo, SubCategory, TransactionPending, TransactionAmountNew) VALUES ('CC1', 'My Credit Card', 'CM_CC1_12', date('now', 'start of month', '+24 days'), -30.00, 'Music concert', 'Concord', 'Live band', 'Entertainment', '', NULL);
INSERT INTO F_Transaction (AccountID, AccountName, TransactionID, TransactionPosted, TransactionAmount, TransactionDescription, TransactionPayee, TransactionMemo, SubCategory, TransactionPending, TransactionAmountNew) VALUES ('CC1', 'My Credit Card', 'CM_CC1_13', date('now', 'start of month', '+3 days'), -34.00, 'Groceries', 'Trader Joe''s', 'Weekly', 'Groceries', '', NULL);
INSERT INTO F_Transaction (AccountID, AccountName, TransactionID, TransactionPosted, TransactionAmount, TransactionDescription, TransactionPayee, TransactionMemo, SubCategory, TransactionPending, TransactionAmountNew) VALUES ('CC1', 'My Credit Card', 'CM_CC1_14', date('now', 'start of month', '+12 days'), -70.00, 'Clothes', 'Zara', 'New Dress', 'Shopping', '', NULL);
INSERT INTO F_Transaction (AccountID, AccountName, TransactionID, TransactionPosted, TransactionAmount, TransactionDescription, TransactionPayee, TransactionMemo, SubCategory, TransactionPending, TransactionAmountNew) VALUES ('CC1', 'My Credit Card', 'CM_CC1_15', date('now', 'start of month', '+21 days'), -11.00, 'Coffee', 'Starbucks', 'Morning Coffee', 'Eating Outside', '', NULL);
INSERT INTO F_Transaction (AccountID, AccountName, TransactionID, TransactionPosted, TransactionAmount, TransactionDescription, TransactionPayee, TransactionMemo, SubCategory, TransactionPending, TransactionAmountNew) VALUES ('CC1', 'My Credit Card', 'CM_CC1_16', date('now', 'start of month', '+19 days'), -125.00, 'Electronics', 'hhgregg', 'New TV', 'Shopping', '', NULL);
INSERT INTO F_Transaction (AccountID, AccountName, TransactionID, TransactionPosted, TransactionAmount, TransactionDescription, TransactionPayee, TransactionMemo, SubCategory, TransactionPending, TransactionAmountNew) VALUES ('CC1', 'My Credit Card', 'CM_CC1_17', date('now', 'start of month', '+26 days'), -34.00, 'Dinner', 'Seafood resturant', 'Celebration', 'Eating Outside', '', NULL);
INSERT INTO F_Transaction (AccountID, AccountName, TransactionID, TransactionPosted, TransactionAmount, TransactionDescription, TransactionPayee, TransactionMemo, SubCategory, TransactionPending, TransactionAmountNew) VALUES ('CC1', 'My Credit Card', 'CM_CC1_18', date('now', 'start of month', '+4 days'), -15.00, 'Movie', 'AMC', 'Weekend movie', 'Entertainment', '', NULL);
INSERT INTO F_Transaction (AccountID, AccountName, TransactionID, TransactionPosted, TransactionAmount, TransactionDescription, TransactionPayee, TransactionMemo, SubCategory, TransactionPending, TransactionAmountNew) VALUES ('CC1', 'My Credit Card', 'CM_CC1_19', date('now', 'start of month', '+2 days'), -23.00, 'Groceries', 'ShopRite', 'Regular food', 'Groceries', '', NULL);



-- Paycheck deposit (Current Month)
INSERT INTO F_Transaction (AccountID, AccountName, TransactionID, TransactionPosted, TransactionAmount, TransactionDescription, TransactionPayee, TransactionMemo, SubCategory, TransactionPending, TransactionAmountNew) VALUES ('CHK1', 'My Checking Account', 'PCK_CM_01', date('now', 'start of month'), 3000.00, 'Paycheck Deposit', 'Acme Corp', 'Monthly Salary', 'Paycheck', 'N', 3000.00);

-- Paycheck deposit (Previous Month)
INSERT INTO F_Transaction (AccountID, AccountName, TransactionID, TransactionPosted, TransactionAmount, TransactionDescription, TransactionPayee, TransactionMemo, SubCategory, TransactionPending, TransactionAmountNew) VALUES ('CHK1', 'My Checking Account', 'PCK_PM_01', date('now', '-1 month', 'start of month'), 3000.00, 'Paycheck Deposit', 'Acme Corp', 'Monthly Salary', 'Paycheck', 'N', 3000.00);

-- Paycheck deposit (2 Months Ago)
INSERT INTO F_Transaction (AccountID, AccountName, TransactionID, TransactionPosted, TransactionAmount, TransactionDescription, TransactionPayee, TransactionMemo, SubCategory, TransactionPending, TransactionAmountNew) VALUES ('CHK1', 'My Checking Account', 'PCK_P2M_01', date('now', '-2 months', 'start of month'), 3000.00, 'Paycheck Deposit', 'Acme Corp', 'Monthly Salary', 'Paycheck', 'N', 3000.00);

-- Paycheck deposit (3 Months Ago)
INSERT INTO F_Transaction (AccountID, AccountName, TransactionID, TransactionPosted, TransactionAmount, TransactionDescription, TransactionPayee, TransactionMemo, SubCategory, TransactionPending, TransactionAmountNew) VALUES ('CHK1', 'My Checking Account', 'PCK_P3M_01', date('now', '-3 months', 'start of month'), 3000.00, 'Paycheck Deposit', 'Acme Corp', 'Monthly Salary', 'Paycheck', 'N', 3000.00);

-- Paycheck deposit (4 Months Ago)
INSERT INTO F_Transaction (AccountID, AccountName, TransactionID, TransactionPosted, TransactionAmount, TransactionDescription, TransactionPayee, TransactionMemo, SubCategory, TransactionPending, TransactionAmountNew) VALUES ('CHK1', 'My Checking Account', 'PCK_P4M_01', date('now', '-4 months', 'start of month'), 3000.00, 'Paycheck Deposit', 'Acme Corp', 'Monthly Salary', 'Paycheck', 'N', 3000.00);

-- Paycheck deposit (5 Months Ago)
INSERT INTO F_Transaction (AccountID, AccountName, TransactionID, TransactionPosted, TransactionAmount, TransactionDescription, TransactionPayee, TransactionMemo, SubCategory, TransactionPending, TransactionAmountNew) VALUES ('CHK1', 'My Checking Account', 'PCK_P5M_01', date('now', '-5 months', 'start of month'), 3000.00, 'Paycheck Deposit', 'Acme Corp', 'Monthly Salary', 'Paycheck', 'N', 3000.00);
