INSERT INTO D_DB (DB_VERSION) VALUES ('v0.18');

INSERT INTO D_AccountTypes (AccountType, SortOrder, HideFromBudget) VALUES ('Checking', 0, 0);
INSERT INTO D_AccountTypes (AccountType, SortOrder, HideFromBudget) VALUES ('Savings', 1, 0);
INSERT INTO D_AccountTypes (AccountType, SortOrder, HideFromBudget) VALUES ('Credit Card', 2, 0);
INSERT INTO D_AccountTypes (AccountType, SortOrder, HideFromBudget) VALUES ('Utilities', 3, 1);
INSERT INTO D_AccountTypes (AccountType, SortOrder, HideFromBudget) VALUES ('Loan', 5, 1);
INSERT INTO D_AccountTypes (AccountType, SortOrder, HideFromBudget) VALUES ('Retirement', 4, 1);





INSERT INTO D_Category (SubCategory, Category) VALUES ('Auto Gas', 'Auto & Transport');
INSERT INTO D_Category (SubCategory, Category) VALUES ('Auto Insurance', 'Auto & Transport');
INSERT INTO D_Category (SubCategory, Category) VALUES ('Auto Payment', 'Auto & Transport');
INSERT INTO D_Category (SubCategory, Category) VALUES ('EZ Pass', 'Auto & Transport');
INSERT INTO D_Category (SubCategory, Category) VALUES ('Parking', 'Auto & Transport');
INSERT INTO D_Category (SubCategory, Category) VALUES ('Public Transportation', 'Auto & Transport');
INSERT INTO D_Category (SubCategory, Category) VALUES ('Ride Share', 'Auto & Transport');
INSERT INTO D_Category (SubCategory, Category) VALUES ('Service and Parts', 'Auto & Transport');
INSERT INTO D_Category (SubCategory, Category) VALUES ('Electric', 'Bills & Utilities');
INSERT INTO D_Category (SubCategory, Category) VALUES ('Gas and Electric', 'Bills & Utilities');
INSERT INTO D_Category (SubCategory, Category) VALUES ('Home Phone', 'Bills & Utilities');
INSERT INTO D_Category (SubCategory, Category) VALUES ('Internet', 'Bills & Utilities');
INSERT INTO D_Category (SubCategory, Category) VALUES ('Mobile Phone', 'Bills & Utilities');
INSERT INTO D_Category (SubCategory, Category) VALUES ('Subscription', 'Bills & Utilities');
INSERT INTO D_Category (SubCategory, Category) VALUES ('Television', 'Bills & Utilities');
INSERT INTO D_Category (SubCategory, Category) VALUES ('Utilities', 'Bills & Utilities');
INSERT INTO D_Category (SubCategory, Category) VALUES ('Advertising', 'Business Services');
INSERT INTO D_Category (SubCategory, Category) VALUES ('Legal', 'Business Services');
INSERT INTO D_Category (SubCategory, Category) VALUES ('Office Supplies', 'Business Services');
INSERT INTO D_Category (SubCategory, Category) VALUES ('Printing', 'Business Services');
INSERT INTO D_Category (SubCategory, Category) VALUES ('Shipping', 'Business Services');
INSERT INTO D_Category (SubCategory, Category) VALUES ('Books & Supplies', 'Education');
INSERT INTO D_Category (SubCategory, Category) VALUES ('Student Loan', 'Education');
INSERT INTO D_Category (SubCategory, Category) VALUES ('Tuition', 'Education');
INSERT INTO D_Category (SubCategory, Category) VALUES ('Amusement', 'Entertainment');
INSERT INTO D_Category (SubCategory, Category) VALUES ('Arts', 'Entertainment');
INSERT INTO D_Category (SubCategory, Category) VALUES ('Movies & DVDs', 'Entertainment');
INSERT INTO D_Category (SubCategory, Category) VALUES ('Music', 'Entertainment');
INSERT INTO D_Category (SubCategory, Category) VALUES ('Newspapers & Magazines', 'Entertainment');
INSERT INTO D_Category (SubCategory, Category) VALUES ('ATM Fee', 'Fees & Charges');
INSERT INTO D_Category (SubCategory, Category) VALUES ('Bank Fee', 'Fees & Charges');
INSERT INTO D_Category (SubCategory, Category) VALUES ('Finance Charge', 'Fees & Charges');
INSERT INTO D_Category (SubCategory, Category) VALUES ('Late Fee', 'Fees & Charges');
INSERT INTO D_Category (SubCategory, Category) VALUES ('Service Fee', 'Fees & Charges');
INSERT INTO D_Category (SubCategory, Category) VALUES ('Trade Commissions', 'Fees & Charges');
INSERT INTO D_Category (SubCategory, Category) VALUES ('Financial Advisor', 'Financial');
INSERT INTO D_Category (SubCategory, Category) VALUES ('Life Insurance', 'Financial');
INSERT INTO D_Category (SubCategory, Category) VALUES ('Eating Outside', 'Food & Dining');
INSERT INTO D_Category (SubCategory, Category) VALUES ('Groceries', 'Food & Dining');
INSERT INTO D_Category (SubCategory, Category) VALUES ('Charity', 'Gifts & Donations');
INSERT INTO D_Category (SubCategory, Category) VALUES ('Gift', 'Gifts & Donations');
INSERT INTO D_Category (SubCategory, Category) VALUES ('Dentist', 'Health & Fitness');
INSERT INTO D_Category (SubCategory, Category) VALUES ('Doctor', 'Health & Fitness');
INSERT INTO D_Category (SubCategory, Category) VALUES ('Eyecare', 'Health & Fitness');
INSERT INTO D_Category (SubCategory, Category) VALUES ('Gym', 'Health & Fitness');
INSERT INTO D_Category (SubCategory, Category) VALUES ('Health Insurance', 'Health & Fitness');
INSERT INTO D_Category (SubCategory, Category) VALUES ('Pharmacy', 'Health & Fitness');
INSERT INTO D_Category (SubCategory, Category) VALUES ('Sports', 'Health & Fitness');
INSERT INTO D_Category (SubCategory, Category) VALUES ('Furnishings', 'Home');
INSERT INTO D_Category (SubCategory, Category) VALUES ('Home Applicances', 'Home');
INSERT INTO D_Category (SubCategory, Category) VALUES ('Home Improvement', 'Home');
INSERT INTO D_Category (SubCategory, Category) VALUES ('Home Insurance', 'Home');
INSERT INTO D_Category (SubCategory, Category) VALUES ('Home Services', 'Home');
INSERT INTO D_Category (SubCategory, Category) VALUES ('Home Supplies', 'Home');
INSERT INTO D_Category (SubCategory, Category) VALUES ('Lawn & Garden', 'Home');
INSERT INTO D_Category (SubCategory, Category) VALUES ('Mortgage & Rent', 'Home');
INSERT INTO D_Category (SubCategory, Category) VALUES ('Rent', 'Home');
INSERT INTO D_Category (SubCategory, Category) VALUES ('Bonus', 'Income');
INSERT INTO D_Category (SubCategory, Category) VALUES ('Interest', 'Income');
INSERT INTO D_Category (SubCategory, Category) VALUES ('Paycheck', 'Income');
INSERT INTO D_Category (SubCategory, Category) VALUES ('Reimbursement', 'Income');
INSERT INTO D_Category (SubCategory, Category) VALUES ('Rental', 'Income');
INSERT INTO D_Category (SubCategory, Category) VALUES ('Returned Purchase', 'Income');
INSERT INTO D_Category (SubCategory, Category) VALUES ('Buy', 'Investments');
INSERT INTO D_Category (SubCategory, Category) VALUES ('Deposit', 'Investments');
INSERT INTO D_Category (SubCategory, Category) VALUES ('Dividend & Cap Gains', 'Investments');
INSERT INTO D_Category (SubCategory, Category) VALUES ('Sell', 'Investments');
INSERT INTO D_Category (SubCategory, Category) VALUES ('Withdrawal', 'Investments');
INSERT INTO D_Category (SubCategory, Category) VALUES ('Allowance', 'Kids');
INSERT INTO D_Category (SubCategory, Category) VALUES ('Baby Supplies', 'Kids');
INSERT INTO D_Category (SubCategory, Category) VALUES ('Babysitter & Daycare', 'Kids');
INSERT INTO D_Category (SubCategory, Category) VALUES ('Child Support', 'Kids');
INSERT INTO D_Category (SubCategory, Category) VALUES ('Dance Class', 'Kids');
INSERT INTO D_Category (SubCategory, Category) VALUES ('ICE Skating', 'Kids');
INSERT INTO D_Category (SubCategory, Category) VALUES ('Kids Activities', 'Kids');
INSERT INTO D_Category (SubCategory, Category) VALUES ('School Meal Fees', 'Kids');
INSERT INTO D_Category (SubCategory, Category) VALUES ('Swimming Class', 'Kids');
INSERT INTO D_Category (SubCategory, Category) VALUES ('Tamil School', 'Kids');
INSERT INTO D_Category (SubCategory, Category) VALUES ('Toys', 'Kids');
INSERT INTO D_Category (SubCategory, Category) VALUES ('Loan Fees and Charges', 'Loans');
INSERT INTO D_Category (SubCategory, Category) VALUES ('Loan Insurance', 'Loans');
INSERT INTO D_Category (SubCategory, Category) VALUES ('Loan Interest', 'Loans');
INSERT INTO D_Category (SubCategory, Category) VALUES ('Loan Payment', 'Loans');
INSERT INTO D_Category (SubCategory, Category) VALUES ('Loan Principal', 'Loans');
INSERT INTO D_Category (SubCategory, Category) VALUES ('Hair', 'Personal Care');
INSERT INTO D_Category (SubCategory, Category) VALUES ('Laundry', 'Personal Care');
INSERT INTO D_Category (SubCategory, Category) VALUES ('Spa & Massage', 'Personal Care');
INSERT INTO D_Category (SubCategory, Category) VALUES ('Pet Food & Supplies', 'Pets');
INSERT INTO D_Category (SubCategory, Category) VALUES ('Pet Grooming', 'Pets');
INSERT INTO D_Category (SubCategory, Category) VALUES ('Veterinary', 'Pets');
INSERT INTO D_Category (SubCategory, Category) VALUES ('Books', 'Shopping');
INSERT INTO D_Category (SubCategory, Category) VALUES ('Clothing', 'Shopping');
INSERT INTO D_Category (SubCategory, Category) VALUES ('Electronics and Software', 'Shopping');
INSERT INTO D_Category (SubCategory, Category) VALUES ('Hobbies', 'Shopping');
INSERT INTO D_Category (SubCategory, Category) VALUES ('Shopping', 'Shopping');
INSERT INTO D_Category (SubCategory, Category) VALUES ('Sporting Goods', 'Shopping');
INSERT INTO D_Category (SubCategory, Category) VALUES ('Federal Tax', 'Taxes');
INSERT INTO D_Category (SubCategory, Category) VALUES ('Local Tax', 'Taxes');
INSERT INTO D_Category (SubCategory, Category) VALUES ('Property Tax', 'Taxes');
INSERT INTO D_Category (SubCategory, Category) VALUES ('Sales Tax', 'Taxes');
INSERT INTO D_Category (SubCategory, Category) VALUES ('State Tax', 'Taxes');
INSERT INTO D_Category (SubCategory, Category) VALUES ('CC Payment', 'Transfer');
INSERT INTO D_Category (SubCategory, Category) VALUES ('India Money Transfer', 'Transfer');
INSERT INTO D_Category (SubCategory, Category) VALUES ('Money Transfer', 'Transfer');
INSERT INTO D_Category (SubCategory, Category) VALUES ('Air Travel', 'Travel');
INSERT INTO D_Category (SubCategory, Category) VALUES ('Hotel', 'Travel');
INSERT INTO D_Category (SubCategory, Category) VALUES ('Taxi', 'Travel');
INSERT INTO D_Category (SubCategory, Category) VALUES ('Train', 'Travel');
INSERT INTO D_Category (SubCategory, Category) VALUES ('Vacation', 'Travel');
INSERT INTO D_Category (SubCategory, Category) VALUES ('USMLE', 'Education');
INSERT INTO D_Category (SubCategory, Category) VALUES ('Moving', 'Home');
INSERT INTO D_Category (SubCategory, Category) VALUES ('UWorld', 'Education');
INSERT INTO D_Category (SubCategory, Category) VALUES ('Car Wash', 'Auto & Transport');
INSERT INTO D_Category (SubCategory, Category) VALUES ('Tax Filing Fees', 'Taxes');
INSERT INTO D_Category (SubCategory, Category) VALUES ('India Ticket', 'Travel');
INSERT INTO D_Category (SubCategory, Category) VALUES ('Security Deposit', 'Home');
INSERT INTO D_Category (SubCategory, Category) VALUES ('CC Rewards', 'Income');
INSERT INTO D_Category (SubCategory, Category) VALUES ('Friends Owe Me', 'Shopping');
INSERT INTO D_Category (SubCategory, Category) VALUES ('Auto Toll', 'Auto & Transport');
INSERT INTO D_Category (SubCategory, Category) VALUES ('Vehicle Tax', 'Taxes');
INSERT INTO D_Category (SubCategory, Category) VALUES ('Cash Withdrawal', 'Transfer');
INSERT INTO D_Category (SubCategory, Category) VALUES ('Entertainment', 'Entertainment');
INSERT INTO D_Category (SubCategory, Category) VALUES ('School Photography', 'Kids');
INSERT INTO D_Category (SubCategory, Category) VALUES ('Hula Hoop Class', 'Kids');
INSERT INTO D_Category (SubCategory, Category) VALUES ('Jewellery', 'Shopping');
INSERT INTO D_Category (SubCategory, Category) VALUES ('Investment Exchange', 'Investments');



 

INSERT INTO D_Category_Rule (Default_SubCategory, Rule_Category, Rule_Pattern, Match_Word) VALUES ('Amusement', 'Payee', 'Contains', 'Legoland');
INSERT INTO D_Category_Rule (Default_SubCategory, Rule_Category, Rule_Pattern, Match_Word) VALUES ('Auto Gas', 'Payee', 'Contains', 'ExxonMobil');
INSERT INTO D_Category_Rule (Default_SubCategory, Rule_Category, Rule_Pattern, Match_Word) VALUES ('Auto Gas', 'Payee', 'Contains', 'Shell');
INSERT INTO D_Category_Rule (Default_SubCategory, Rule_Category, Rule_Pattern, Match_Word) VALUES ('Auto Insurance', 'Payee', 'Contains', 'Geico');
INSERT INTO D_Category_Rule (Default_SubCategory, Rule_Category, Rule_Pattern, Match_Word) VALUES ('Auto Payment', 'Payee', 'Contains', 'Honda');
INSERT INTO D_Category_Rule (Default_SubCategory, Rule_Category, Rule_Pattern, Match_Word) VALUES ('CC Payment', 'Payee', 'Contains', 'Chase Credit Card');
INSERT INTO D_Category_Rule (Default_SubCategory, Rule_Category, Rule_Pattern, Match_Word) VALUES ('CC Payment', 'Payee', 'Contains', 'Credit Card Payment');
INSERT INTO D_Category_Rule (Default_SubCategory, Rule_Category, Rule_Pattern, Match_Word) VALUES ('CC Payment', 'Payee', 'Contains', 'Kohl''s Credit Card');
INSERT INTO D_Category_Rule (Default_SubCategory, Rule_Category, Rule_Pattern, Match_Word) VALUES ('CC Payment', 'Payee', 'Contains', 'Payment Received');
INSERT INTO D_Category_Rule (Default_SubCategory, Rule_Category, Rule_Pattern, Match_Word) VALUES ('CC Payment', 'Payee', 'Contains', 'Automatic Payment');
INSERT INTO D_Category_Rule (Default_SubCategory, Rule_Category, Rule_Pattern, Match_Word) VALUES ('CC Payment', 'Payee', 'Contains', 'Autopay Payment');
INSERT INTO D_Category_Rule (Default_SubCategory, Rule_Category, Rule_Pattern, Match_Word) VALUES ('Eating Outside', 'Payee', 'Contains', 'Domino');
INSERT INTO D_Category_Rule (Default_SubCategory, Rule_Category, Rule_Pattern, Match_Word) VALUES ('Eating Outside', 'Payee', 'Contains', 'Grubhub');
INSERT INTO D_Category_Rule (Default_SubCategory, Rule_Category, Rule_Pattern, Match_Word) VALUES ('Eating Outside', 'Payee', 'Contains', 'McDonald');
INSERT INTO D_Category_Rule (Default_SubCategory, Rule_Category, Rule_Pattern, Match_Word) VALUES ('Eating Outside', 'Payee', 'Contains', 'DoorDash');
INSERT INTO D_Category_Rule (Default_SubCategory, Rule_Category, Rule_Pattern, Match_Word) VALUES ('Eating Outside', 'Payee', 'Contains', 'Taco Bell');
INSERT INTO D_Category_Rule (Default_SubCategory, Rule_Category, Rule_Pattern, Match_Word) VALUES ('Electronics and Software', 'Payee', 'Contains', 'Apple Store');
INSERT INTO D_Category_Rule (Default_SubCategory, Rule_Category, Rule_Pattern, Match_Word) VALUES ('Gas and Electric', 'Payee', 'Contains', 'Eversource');
INSERT INTO D_Category_Rule (Default_SubCategory, Rule_Category, Rule_Pattern, Match_Word) VALUES ('Groceries', 'Payee', 'Contains', 'ShopRite');
INSERT INTO D_Category_Rule (Default_SubCategory, Rule_Category, Rule_Pattern, Match_Word) VALUES ('Groceries', 'Payee', 'Contains', 'Stop & Shop');
INSERT INTO D_Category_Rule (Default_SubCategory, Rule_Category, Rule_Pattern, Match_Word) VALUES ('Groceries', 'Payee', 'Contains', 'The Fresh Market');
INSERT INTO D_Category_Rule (Default_SubCategory, Rule_Category, Rule_Pattern, Match_Word) VALUES ('Groceries', 'Payee', 'Contains', 'Trader Joe');
INSERT INTO D_Category_Rule (Default_SubCategory, Rule_Category, Rule_Pattern, Match_Word) VALUES ('Groceries', 'Payee', 'Contains', 'Whole Foods');
INSERT INTO D_Category_Rule (Default_SubCategory, Rule_Category, Rule_Pattern, Match_Word) VALUES ('Groceries', 'Payee', 'Contains', 'Costco');
INSERT INTO D_Category_Rule (Default_SubCategory, Rule_Category, Rule_Pattern, Match_Word) VALUES ('ICE Skating', 'Payee', 'Contains', 'Learn to Skate');
INSERT INTO D_Category_Rule (Default_SubCategory, Rule_Category, Rule_Pattern, Match_Word) VALUES ('India Money Transfer', 'Payee', 'Contains', 'Placid.net');
INSERT INTO D_Category_Rule (Default_SubCategory, Rule_Category, Rule_Pattern, Match_Word) VALUES ('Interest Income', 'Payee', 'Contains', 'Dividend');
INSERT INTO D_Category_Rule (Default_SubCategory, Rule_Category, Rule_Pattern, Match_Word) VALUES ('Interest Income', 'Payee', 'Contains', 'Monthly Interest Paid');
INSERT INTO D_Category_Rule (Default_SubCategory, Rule_Category, Rule_Pattern, Match_Word) VALUES ('Internet', 'Payee', 'Contains', 'Optimum');
INSERT INTO D_Category_Rule (Default_SubCategory, Rule_Category, Rule_Pattern, Match_Word) VALUES ('Parking', 'Payee', 'Contains', 'Parking');
INSERT INTO D_Category_Rule (Default_SubCategory, Rule_Category, Rule_Pattern, Match_Word) VALUES ('Pharmacy', 'Payee', 'Contains', 'CVS');
INSERT INTO D_Category_Rule (Default_SubCategory, Rule_Category, Rule_Pattern, Match_Word) VALUES ('Pharmacy', 'Payee', 'Contains', 'Rite Aid');
INSERT INTO D_Category_Rule (Default_SubCategory, Rule_Category, Rule_Pattern, Match_Word) VALUES ('Pharmacy', 'Payee', 'Contains', 'Walgreens');
INSERT INTO D_Category_Rule (Default_SubCategory, Rule_Category, Rule_Pattern, Match_Word) VALUES ('Shopping', 'Payee', 'Contains', 'Amazon');
INSERT INTO D_Category_Rule (Default_SubCategory, Rule_Category, Rule_Pattern, Match_Word) VALUES ('Shopping', 'Payee', 'Contains', 'Best Buy');
INSERT INTO D_Category_Rule (Default_SubCategory, Rule_Category, Rule_Pattern, Match_Word) VALUES ('Shopping', 'Payee', 'Contains', 'Burlington');
INSERT INTO D_Category_Rule (Default_SubCategory, Rule_Category, Rule_Pattern, Match_Word) VALUES ('Shopping', 'Payee', 'Contains', 'Carter');
INSERT INTO D_Category_Rule (Default_SubCategory, Rule_Category, Rule_Pattern, Match_Word) VALUES ('Shopping', 'Payee', 'Contains', 'Claire''s');
INSERT INTO D_Category_Rule (Default_SubCategory, Rule_Category, Rule_Pattern, Match_Word) VALUES ('Shopping', 'Payee', 'Contains', 'Dollar Tree');
INSERT INTO D_Category_Rule (Default_SubCategory, Rule_Category, Rule_Pattern, Match_Word) VALUES ('Shopping', 'Payee', 'Contains', 'Five Below');
INSERT INTO D_Category_Rule (Default_SubCategory, Rule_Category, Rule_Pattern, Match_Word) VALUES ('Shopping', 'Payee', 'Contains', 'Marshalls');
INSERT INTO D_Category_Rule (Default_SubCategory, Rule_Category, Rule_Pattern, Match_Word) VALUES ('Shopping', 'Payee', 'Contains', 'Michaels');
INSERT INTO D_Category_Rule (Default_SubCategory, Rule_Category, Rule_Pattern, Match_Word) VALUES ('Shopping', 'Payee', 'Contains', 'Michael''s');
INSERT INTO D_Category_Rule (Default_SubCategory, Rule_Category, Rule_Pattern, Match_Word) VALUES ('Shopping', 'Payee', 'Contains', 'Old Navy');
INSERT INTO D_Category_Rule (Default_SubCategory, Rule_Category, Rule_Pattern, Match_Word) VALUES ('Shopping', 'Payee', 'Contains', 'Olive Garden');
INSERT INTO D_Category_Rule (Default_SubCategory, Rule_Category, Rule_Pattern, Match_Word) VALUES ('Shopping', 'Payee', 'Contains', 'Sephora');
INSERT INTO D_Category_Rule (Default_SubCategory, Rule_Category, Rule_Pattern, Match_Word) VALUES ('Shopping', 'Payee', 'Contains', 'Shein');
INSERT INTO D_Category_Rule (Default_SubCategory, Rule_Category, Rule_Pattern, Match_Word) VALUES ('Shopping', 'Payee', 'Contains', 'Staples');
INSERT INTO D_Category_Rule (Default_SubCategory, Rule_Category, Rule_Pattern, Match_Word) VALUES ('Shopping', 'Payee', 'Contains', 'Target');
INSERT INTO D_Category_Rule (Default_SubCategory, Rule_Category, Rule_Pattern, Match_Word) VALUES ('Shopping', 'Payee', 'Contains', 'Temu');
INSERT INTO D_Category_Rule (Default_SubCategory, Rule_Category, Rule_Pattern, Match_Word) VALUES ('Shopping', 'Payee', 'Contains', 'The Home Depot');
INSERT INTO D_Category_Rule (Default_SubCategory, Rule_Category, Rule_Pattern, Match_Word) VALUES ('Shopping', 'Payee', 'Contains', 'Walmart');
INSERT INTO D_Category_Rule (Default_SubCategory, Rule_Category, Rule_Pattern, Match_Word) VALUES ('Shopping', 'Payee', 'Contains', 'The Children''s Place');
INSERT INTO D_Category_Rule (Default_SubCategory, Rule_Category, Rule_Pattern, Match_Word) VALUES ('Shopping', 'Payee', 'Contains', 'eBay');
INSERT INTO D_Category_Rule (Default_SubCategory, Rule_Category, Rule_Pattern, Match_Word) VALUES ('Shopping', 'Payee', 'Contains', 'Macy''s');
INSERT INTO D_Category_Rule (Default_SubCategory, Rule_Category, Rule_Pattern, Match_Word) VALUES ('Subscription', 'Payee', 'Contains', 'Fly Io');
INSERT INTO D_Category_Rule (Default_SubCategory, Rule_Category, Rule_Pattern, Match_Word) VALUES ('Subscription', 'Payee', 'Contains', 'Google Drive');
INSERT INTO D_Category_Rule (Default_SubCategory, Rule_Category, Rule_Pattern, Match_Word) VALUES ('Subscription', 'Payee', 'Contains', 'Simplefin Bridge');
INSERT INTO D_Category_Rule (Default_SubCategory, Rule_Category, Rule_Pattern, Match_Word) VALUES ('Subscription', 'Payee', 'Contains', 'Backblaze');
INSERT INTO D_Category_Rule (Default_SubCategory, Rule_Category, Rule_Pattern, Match_Word) VALUES ('Tamil School', 'Payee', 'Contains', 'TAMIL CENTER');
INSERT INTO D_Category_Rule (Default_SubCategory, Rule_Category, Rule_Pattern, Match_Word) VALUES ('Taxi', 'Payee', 'Contains', 'Uber');
INSERT INTO D_Category_Rule (Default_SubCategory, Rule_Category, Rule_Pattern, Match_Word) VALUES ('Train', 'Payee', 'Contains', 'Amtrak');